{
  "version": 2,
  "builds": [
    {
      "src": "api/*.js",
      "use": "@vercel/node"
    },
    {
      "src": "public/*",
      "use": "@vercel/static"
    }
  ],
  "routes": [
    {
      "src": "/api/(.*)",
      "dest": "/api/$1"
    },
    {
      "src": "/(.*)",
      "dest": "/public/$1"
    }
  ],
  "headers": [
    {
      "source": "/api/(.*)",
      "headers": [
        { "key": "Access-Control-Allow-Origin", "value": "*" },
        { "key": "Access-Control-Allow-Methods", "value": "GET,POST,OPTIONS" },
        { "key": "Access-Control-Allow-Headers", "value": "Content-Type" }
      ]
    }
  ],
  "env": {
    "ADMIN_KEY": "admin123"
  }
}